category,total_sales,transaction_count,ticket_promedio
Books,2979.58,31,96.12
Clothing,3108.59,17,182.86
Electronics,17624.989999999998,25,705.0
Home & Garden,7516.0,19,395.58
Sports,6401.7300000000005,28,228.63
